"1","DGA","pipeline","8.0","5.0","0.0","2.0","0","0"
"2","DGA","powerdrive","2.0","2.0","-2.0","1.0","0","0"
"3","DGA","proline breaker","4.0","3.0","0.0","3.0","0","0"
"4","DGA","quake","5.0","3.0","0.0","3.0","0","1"
"5","DGA","reef","2.0","2.0","-1.0","1.0","0","0"
"6","DGA","sail","11.0","5.0","-4.0","1.0","0","0"
"7","DGA","steady","2.0","4.0","0.0","2.0","0","0"
"8","DGA","tempest","13.0","5.0","-3.0","2.0","0","0"
"9","DGA","titanic","2.0","2.0","0.0","2.0","0","0"
"11","DGA","torrent","14.0","5.0","-1.0","2.0","0","0"
"12","DGA","tremor","6.0","5.0","-4.0","1.0","0","1"
"13","DGA","tsunami","10.0","3.0","0.0","4.0","0","0"
"14","DGA","undertow","10.0","4.0","-1.0","1.0","0","0"
"15","disc king","lex","2.0","3.0","0.0","1.0","0","0"
"16","discmania","cd","10.0","5.0","-1.0","2.0","0","0"
"17","discmania","CD2","9.0","5.0","-1.0","2.0","0","0"
"18","discmania","cd3","11.0","5.0","-1.0","2.0","0","0"
"19","discmania","DD","11.0","5.0","0.0","2.0","0","0"
"20","discmania","dd2","13.0","5.0","-2.0","2.0","0","0"
"21","discmania","DDx","12.0","6.0","-1.0","2.0","0","0"
"22","discmania","FD","7.0","6.0","-1.0","1.0","0","0"
"23","discmania","FD2","7.0","4.0","0.0","2.0","0","0"
"24","discmania","FD3","9.0","4.0","0.0","3.0","0","0"
"25","discmania","md","4.0","5.0","0.0","0.0","0","0"
"26","discmania","md1","4.0","4.0","0.0","2.0","0","0"
"27","discmania","md2","4.0","5.0","0.0","2.0","0","0"
"28","discmania","MD3","5.0","5.0","0.0","2.0","0","0"
"29","discmania","MD4","5.0","4.0","0.0","3.0","0","0"
"30","discmania","MD5","5.0","3.0","0.0","4.0","0","0"
"31","discmania","p1","2.0","3.0","0.0","0.0","0","0"
"32","discmania","p1x","2.0","3.0","0.0","0.0","0","0"
"33","discmania","p2","2.0","3.0","0.0","2.0","0","0"
"34","discmania","p3","3.0","2.0","0.0","3.0","0","0"
"35","discmania","p3x","3.0","2.0","0.0","3.0","0","0"
"36","discmania","PD","10.0","4.0","0.0","3.0","0","0"
"37","discmania","PDx","11.0","4.0","0.0","3.0","0","0"
"38","discmania","PD2","12.0","4.0","0.0","4.0","0","0"
"39","discmania","TD","10.0","5.0","-2.0","1.0","0","0"
"40","discmania","td2","10.0","5.0","-4.0","1.0","0","0"
"41","discmania","TDx","9.0","5.0","-3.0","1.0","0","0"
"42","discraft","apx","2.0","3.0","-1.0","1.0","0","0"
"43","discraft","archer","5.0","4.0","-4.0","1.0","0","0"
"44","discraft","avenger","10.0","5.0","0.0","3.0","0","0"
"45","discraft","avenger SS","10.0","5.0","-3.0","1.0","0","0"
"46","discraft","banger-gt","2.0","3.0","0.0","1.0","0","0"
"47","discraft","buzzz","5.0","4.0","-1.0","1.0","0","1"
"48","discraft","Buzzz OS","5.0","4.0","0.0","3.0","0","1"
"49","discraft","buzzz ss","5.0","4.0","-2.0","1.0","0","1"
"50","discraft","buzzz gt","5.0","5.0","0.0","1.0","0","1"
"51","discraft","challenger","2.0","3.0","0.0","2.0","0","0"
"52","discraft","challenger os","3.0","5.0","0.0","2.5","0","0"
"53","discraft","challenger ss","2.0","4.0","-1.0","2.0","0","0"
"54","discraft","comet","4.0","5.0","-2.0","1.0","0","0"
"55","discraft","crank","12.0","5.0","-1.0","2.0","0","0"
"56","discraft","crank ss","13.0","5.0","-3.0","2.0","0","0"
"57","discraft","crush","11.0","5.0","0.0","4.0","0","0"
"58","discraft","cyclone","7.0","4.0","-1.0","3.0","0","0"
"59","discraft","drone","5.0","4.0","0.0","4.0","0","0"
"60","discraft","eclipse","7.0","5.0","-2.0","2.0","0","0"
"61","discraft","flash","10.0","5.0","-2.0","3.0","0","0"
"62","discraft","flick","9.0","4.0","1.0","4.0","0","0"
"63","discraft","focus","2.0","3.0","-1.0","2.0","0","0"
"64","discraft","force","12.0","5.0","0.0","3.0","0","0"
"65","discraft","glide","6.0","5.0","-3.0","1.0","0","1"
"66","discraft","impact","5.0","5.0","-2.0","2.0","0","0"
"67","discraft","heat","9.0","6.0","-3.0","1.0","0","0"
"68","discraft","hornet","5.0","5.0","0.0","4.0","0","0"
"69","discraft","kong","12.0","5.0","-1.0","3.0","0","0"
"70","discraft","luna","3.0","4.0","0.0","2.0","0","0"
"71","discraft","machete","11.0","4.0","0.0","4.0","0","0"
"72","discraft","magnet","2.0","3.0","-1.0","2.0","0","0"
"73","discraft","mantis","8.0","4.0","-2.0","2.0","0","0"
"74","discraft","meteor","5.0","5.0","-3.0","1.0","0","0"
"75","discraft","nuke","13.0","5.0","-1.0","3.0","0","0"
"76","discraft","Nuke OS","13.0","4.0","0.0","4.0","0","0"
"77","discraft","nuke ss","13.0","5.0","-3.0","3.0","0","0"
"78","discraft","predator","9.0","4.0","0.0","4.0","0","0"
"79","discraft","pulse","11.0","4.0","0.0","3.0","0","0"
"80","discraft","punisher","12.0","5.0","0.0","3.0","0","0"
"81","discraft","putt'r","2.0","3.0","-2.0","1.0","0","0"
"82","discraft","rattler putter","2.0","3.0","-1.0","1.0","0","1"
"83","discraft","ringer","3.0","4.0","0.0","2.0","0","0"
"84","discraft","Ringer GT","4.0","4.0","0.0","3.0","1","0"
"85","discraft","roach","2.0","4.0","0.0","1.0","0","0"
"86","DGA","rogue","11.0","4.0","-1.0","2.0","0","0"
"87","DGA","squall","6.0","4.0","-1.0","1.0","0","1"
"88","discraft","stratus","5.0","5.0","-3.0","1.0","0","1"
"89","discraft","sting","7.0","5.0","-2.0","1.0","0","0"
"90","discraft","surge","11.0","5.0","-1.0","3.0","0","0"
"91","discraft","surge ss","11.0","5.0","-1.0","2.0","0","0"
"92","discraft","thrasher","12.0","5.0","-3.0","2.0","0","0"
"93","discraft","undertaker","9.0","5.0","-1.0","2.0","0","0"
"94","discraft","vulture","10.0","5.0","0.0","2.0","0","0"
"95","discraft","wasp","5.0","5.0","0.0","3.0","0","0"
"96","discraft","xl","8.0","5.0","-1.0","2.0","0","0"
"97","discraft","xpress","8.0","5.0","-3.0","1.0","0","0"
"98","discraft","xs","8.0","5.0","-2.0","3.0","0","0"
"99","discraft","zone","4.0","3.0","0.0","3.0","1","0"
"100","discraft","zombee","6.0","4.0","-1.0","1.0","0","1"
"101","dynamic discs","breakout","8.0","5.0","-1.0","1.5","0","0"
"102","dynamic discs","captain","13.0","5.0","-2.0","2.0","0","0"
"103","dynamic discs","convict","9.0","4.0","-0.5","3.0","0","0"
"104","dynamic discs","criminal","10.0","3.0","1.0","4.0","0","0"
"105","dynamic discs","defender","13.0","5.0","0.0","3.0","0","0"
"106","dynamic discs","deputy","3.0","4.0","-1.5","0.0","0","0"
"107","dynamic discs","emac truth","5.0","5.0","0.0","2.0","0","0"
"108","dynamic discs","enforcer","12.0","4.0","0.5","4.0","0","0"
"109","dynamic discs","escape","9.0","5.0","-1.0","2.0","0","0"
"110","dynamic discs","evidence","5.0","5.0","-1.0","0.0","0","0"
"111","dynamic discs","felon","9.0","3.0","0.5","4.0","0","0"
"112","dynamic discs","freedom","14.0","5.0","-3.0","3.0","0","0"
"113","dynamic discs","gavel","3.0","5.0","-2.0","0.5","0","0"
"114","dynamic discs","getaway","9.0","5.0","-0.5","3.0","0","0"
"115","dynamic discs","guard","2.0","5.0","0.0","0.5","0","0"
"116","dynamic discs","judge","2.0","4.0","0.0","1.0","0","0"
"117","dynamic discs","justice","5.0","3.0","0.5","4.0","0","0"
"118","dynamic discs","marshal","3.0","4.0","0.0","1.0","0","0"
"119","dynamic discs","maverick","7.0","5.5","-1.5","2.0","0","0"
"120","dynamic discs","patrol","5.0","5.0","-3.0","1.0","0","0"
"121","dynamic discs","proof","5.0","5.0","-3.0","1.0","0","0"
"122","dynamic discs","renegade","11.0","5.0","-1.5","2.5","0","0"
"123","dynamic discs","sheriff","13.0","5.0","-1.0","2.0","0","0"
"124","dynamic discs","slammer","3.0","2.0","0.0","3.0","0","0"
"125","dynamic discs","suspect","4.0","3.0","0.0","3.0","0","0"
"126","dynamic discs","thief","8.0","5.0","-1.5","2.0","0","0"
"127","dynamic discs","trespass","12.0","5.0","-0.5","3.0","0","0"
"128","dynamic discs","truth","5.0","5.0","-1.0","1.0","0","0"
"129","dynamic discs","vandal","9.0","5.0","-1.5","2.0","0","0"
"130","dynamic discs","verdict","5.0","4.0","0.0","3.5","0","0"
"131","dynamic discs","warden","2.0","4.0","0.0","0.5","0","0"
"132","dynamic discs","warrant","5.0","5.0","-2.0","0.0","0","0"
"133","dynamic discs","witness","8.0","6.0","-3.0","1.0","0","0"
"134","element discs","chromium","9.0","5.0","-1.0","1.0","0","0"
"135","element discs","iridium","2.0","3.0","0.0","2.0","0","0"
"136","element discs","lithium","5.0","4.0","-2.0","1.0","0","0"
"137","element discs","plutonium","3.0","3.0","0.0","1.0","0","0"
"138","element discs","radium","6.0","4.0","-1.0","2.0","0","0"
"139","element discs","uranium","4.0","2.0","0.0","2.0","0","0"
"140","fly high discs","ak-47","3.0","4.0","0.0","1.0","0","0"
"141","fly high discs","diesel","11.0","5.0","0.0","3.0","0","0"
"142","fly high discs","jack the ripper","9.0","5.0","0.0","1.0","0","0"
"143","fly high discs","kgb","5.0","5.0","-1.0","1.0","0","0"
"144","fly high discs","pure o.g.","6.0","4.0","-1.0","2.0","0","0"
"145","fly high discs","train wreck","13.0","5.0","-2.0","2.0","0","0"
"146","fly high discs","white widow","3.0","4.0","-1.0","0.0","0","0"
"147","full turn discs","cruise","13.0","4.0","-2.0","3.0","0","0"
"148","full turn discs","drifter","9.0","4.0","-1.0","2.0","0","0"
"149","full turn discs","navigator","5.0","4.0","-1.0","2.0","0","0"
"150","full turn discs","passport","4.0","4.0","-1.0","1.0","0","0"
"151","full turn discs","traveler","9.0","4.0","0.0","2.0","0","0"
"152","full turn discs","voyage","12.0","5.0","0.0","3.0","0","0"
"153","galaxy disc golf","magneton","2.0","3.0","0.0","2.0","0","0"
"154","galaxy disc golf","meteorite","11.0","6.0","-5.0","1.0","0","0"
"155","galaxy disc golf","orbit","5.0","4.0","0.0","3.0","0","0"
"156","galaxy disc golf","satellite","3.0","4.0","0.0","1.0","0","0"
"157","galaxy disc golf","shooting star","7.0","5.0","-2.0","1.0","0","0"
"158","gateway disc sports","apex","12.0","6.0","-1.0","2.0","0","0"
"159","gateway disc sports","assassin","9.0","6.0","-1.0","1.0","0","0"
"160","gateway disc sports","blaze","6.0","4.0","0.0","3.0","0","0"
"161","gateway disc sports","chief","3.0","3.0","0.0","1.0","0","0"
"162","gateway disc sports","chief os","3.0","3.0","0.0","2.0","0","0"
"163","gateway disc sports","demon","6.0","3.0","0.0","4.0","0","0"
"164","gateway disc sports","devilhawk","3.0","3.0","0.0","2.0","0","0"
"165","gateway disc sports","diablo","9.0","5.0","0.0","2.0","0","0"
"166","gateway disc sports","diablo dt","11.0","5.0","-1.0","2.0","0","0"
"167","gateway disc sports","element","5.0","5.0","-1.0","1.0","0","0"
"168","gateway disc sports","element x","5.0","5.0","-1.0","1.0","0","0"
"169","gateway disc sports","illusion","12.0","5.0","-1.0","2.0","0","0"
"170","gateway disc sports","journey ls","12.0","6.0","-2.0","1.0","0","0"
"171","gateway disc sports","magic","2.0","3.0","-1.0","0.0","1","0"
"172","gateway disc sports","mystic","5.0","5.0","-2.0","0.0","0","0"
"173","gateway disc sports","ninja","11.0","5.0","0.0","2.0","0","0"
"174","gateway disc sports","prophecy","5.0","5.0","0.0","2.0","0","0"
"175","gateway disc sports","sabre","7.0","5.0","-1.0","1.0","0","0"
"176","gateway disc sports","samurai","13.0","6.0","-2.0","1.0","0","0"
"177","gateway disc sports","shaman","3.0","3.0","-1.0","1.0","0","0"
"178","gateway disc sports","siren","13.0","5.0","-2.0","1.0","0","0"
"179","gateway disc sports","slayer","13.0","5.0","-1.0","2.0","0","0"
"180","gateway disc sports","speed demon","12.0","4.0","0.0","3.0","0","0"
"181","gateway disc sports","speed demon dt","12.0","4.0","0.0","3.0","0","0"
"182","gateway disc sports","spirit","12.0","4.0","0.0","4.0","0","0"
"183","gateway disc sports","voodoo","2.0","3.0","0.0","2.0","0","0"
"184","gateway disc sports","warlock","2.0","3.0","0.0","1.0","0","0"
"186","gateway disc sports","warspear","2.0","3.0","0.0","2.5","0","0"
"187","gateway disc sports","wizard","2.0","3.0","0.0","2.0","0","0"
"188","guru disc golf","fenris","13.0","5.0","-1.0","2.0","0","0"
"189","guru disc golf","midgard","6.0","5.0","-1.0","1.0","0","0"
"190","guru disc golf","mjolner","2.0","3.0","0.0","1.0","0","0"
"191","guru disc golf","sleipner","10.0","4.0","-1.0","2.0","0","0"
"192","guru disc golf","thor","4.0","4.0","0.0","2.0","0","0"
"193","infinite discs","anubis","5.0","5.0","0.0","0.0","0","0"
"194","infinite discs","chariot","5.0","5.0","0.0","1.0","0","0"
"195","infinite discs","exodus","7.0","5.0","-0.5","2.0","0","0"
"196","infinite discs","myth","2.0","3.0","0.0","2.0","0","0"
"197","infinite discs","pharaoh","13.0","6.0","-1.0","2.0","0","0"
"198","infinite discs","ra","5.0","4.0","0.0","3.0","0","0"
"199","infinite discs","slab","12.0","3.0","0.0","4.0","0","0"
"200","infinite discs","sphinx","9.0","6.0","-3.0","1.0","0","0"
"201","infinite discs","tomb","3.0","4.0","0.0","1.0","0","0"
"202","innova","ape","13.0","5.0","0.0","4.0","0","0"
"203","innova","aero","3.0","6.0","0.0","0.0","0","0"
"204","innova","archangel","8.0","6.0","-4.0","1.0","0","0"
"205","innova","archon","11.0","5.0","-2.0","2.0","0","0"
"206","innova","atlas","5.0","4.0","0.0","1.0","0","0"
"207","innova","aviar","2.0","3.0","0.0","1.0","0","0"
"208","innova","aviarx3","3.0","2.0","0.0","3.0","0","0"
"209","innova","aviar3","3.0","2.0","0.0","2.0","0","0"
"210","innova","aviar xd","3.0","4.0","-1.0","1.0","0","0"
"211","innova","banshee","7.0","3.0","0.0","3.0","0","0"
"212","innova","beast","10.0","5.0","-2.0","2.0","0","0"
"213","innova","birdie","1.0","2.0","0.0","0.0","0","0"
"215","innova","boss","13.0","5.0","-1.0","3.0","0","0"
"216","innova","bullfrog","3.0","1.0","0.0","1.0","0","0"
"217","innova","caiman","5.5","2.0","0.0","4.0","0","0"
"218","innova","cheetah","6.0","4.0","-2.0","2.0","0","0"
"219","innova","classic roc","3.0","3.0","0.0","2.0","0","1"
"220","innova","cobra","4.0","5.0","-2.0","2.0","0","0"
"221","innova","colossus","14.0","5.0","-2.0","3.0","0","0"
"222","innova","colt","3.0","4.0","-1.0","1.0","0","0"
"223","innova","corvette","14.0","6.0","-1.0","2.0","0","0"
"224","innova","coyote","4.0","5.0","0.0","1.0","0","0"
"225","innova","cro","5.0","3.0","0.0","2.0","0","0"
"226","innova","daedalus","13.0","6.0","-3.0","2.0","0","0"
"227","innova","dart","3.0","4.0","0.0","0.0","0","0"
"228","innova","destroyer","12.0","5.0","-1.0","3.0","0","0"
"229","innova","dominator","13.0","5.0","-1.0","2.0","0","0"
"230","innova","dragon","8.0","5.0","-2.0","2.0","0","0"
"231","innova","eagle","7.0","4.0","-1.0","3.0","0","0"
"232","innova","firebird","9.0","3.0","0.0","4.0","0","0"
"233","innova","fl","9.0","3.0","0.0","4.0","0","0"
"234","innova","firestorm","14.0","4.0","0.0","3.0","0","0"
"235","innova","foxbat","5.0","6.0","-1.0","0.0","0","0"
"236","innova","gator","5.0","2.0","0.0","4.0","0","0"
"237","innova","gator3","5.0","2.0","0.0","3.0","0","0"
"238","innova","gazelle","6.0","4.0","0.0","2.0","0","0"
"239","innova","groove","13.0","6.0","-2.0","2.0","0","0"
"240","innova","hydra","3.0","3.0","0.0","1.0","0","0"
"241","innova","katana","13.0","5.0","-3.0","3.0","0","0"
"242","innova","kite","5.0","6.0","-3.0","1.0","0","0"
"243","innova","krait","11.0","5.0","-1.0","2.0","0","0"
"244","innova","leopard","6.0","5.0","-2.0","1.0","0","0"
"245","innova","leopard3","7.0","5.0","-2.0","1.0","0","0"
"246","innova","mako","4.0","5.0","0.0","0.0","0","0"
"247","innova","mako3","5.0","5.0","0.0","0.0","0","0"
"248","innova","mamba","11.0","6.0","-5.0","1.0","0","0"
"249","innova","manta","5.0","5.0","-2.0","1.0","0","0"
"250","innova","max","11.0","3.0","0.0","5.0","0","0"
"251","innova","mirage","3.0","4.0","-3.0","0.0","0","0"
"252","innova","monarch","10.0","5.0","-4.0","1.0","0","0"
"253","innova","monster","10.0","3.0","0.0","5.0","0","0"
"254","innova","mystere","11.0","6.0","-2.0","2.0","0","0"
"255","innova","nova","2.0","3.0","0.0","0.0","0","0"
"256","innova","orc","10.0","4.0","-1.0","3.0","0","0"
"257","innova","panther","5.0","4.0","-2.0","1.0","0","0"
"258","innova","pig","3.0","1.0","0.0","3.0","0","0"
"259","innova","polecat","1.0","3.0","0.0","0.0","0","0"
"260","innova","rat","4.0","2.0","0.0","3.0","1","1"
"261","innova","rhyno","2.0","1.0","0.0","3.0","0","0"
"262","innova","roadrunner","9.0","5.0","-4.0","1.0","0","0"
"263","innova","roc","4.0","4.0","0.0","3.0","0","1"
"264","innova","roc3","5.0","4.0","0.0","3.0","0","1"
"265","innova","RocX3","5.0","4.0","0.0","3.5","0","1"
"266","innova","savant","9.0","5.0","-1.0","2.0","0","0"
"267","innova","shark","4.0","4.0","0.0","2.0","0","0"
"268","innova","shark3","5.0","4.0","0.0","2.0","0","0"
"269","innova","shryke","13.0","6.0","-2.0","2.0","0","0"
"270","innova","sidewinder","9.0","5.0","-3.0","1.0","0","0"
"271","innova","skeeter","5.0","5.0","-1.0","1.0","0","0"
"272","innova","sonic","1.0","2.0","-4.0","0.0","0","0"
"273","innova","spider","5.0","3.0","0.0","1.0","0","0"
"274","innova","starfire","10.0","4.0","0.0","3.0","0","0"
"275","innova","sl","10.0","4.0","0.0","3.0","0","0"
"276","innova","stingray","4.0","5.0","-3.0","1.0","0","0"
"277","innova","stud","3.0","3.0","0.0","2.0","0","0"
"278","innova","teebird","7.0","5.0","0.0","2.0","0","0"
"279","innova","teebird3","8.0","4.0","0.0","2.0","0","0"
"280","innova","TL","7.0","5.0","0.0","1.0","0","0"
"281","innova","teedevil","12.0","5.0","-1.0","2.0","0","0"
"282","innova","teerex","11.0","4.0","0.0","4.0","0","0"
"283","innova","tern","12.0","6.0","-3.0","2.0","0","0"
"284","innova","TL3","8.0","4.0","0.0","1.0","0","0"
"285","innova","thunderbird","9.0","5.0","0.0","2.0","0","0"
"286","innova","valkyrie","9.0","4.0","-2.0","2.0","0","0"
"287","innova","viking","9.0","4.0","-1.0","2.0","0","0"
"288","innova","viper","6.0","4.0","1.0","5.0","0","0"
"289","innova","vroc","4.0","4.0","0.0","1.0","0","1"
"290","innova","vulcan","13.0","5.0","-4.0","2.0","0","0"
"291","innova","wahoo","12.0","6.0","-2.0","2.0","0","0"
"292","innova","wedge","3.5","3.0","-3.0","1.0","0","0"
"293","innova","whale","2.0","3.0","0.0","1.0","0","0"
"294","innova","whippet","6.0","3.0","1.0","5.0","0","0"
"295","innova","wolf","4.0","3.0","-4.0","1.0","0","0"
"296","innova","wombat","5.0","6.0","-1.0","0.0","0","0"
"297","innova","wombat3","5.0","6.0","-1.0","0.0","0","0"
"298","innova","wraith","11.0","5.0","-1.0","3.0","0","0"
"299","innova","xcaliber","12.0","5.0","0.0","4.0","0","0"
"300","innova","lion","5.0","4.0","0.0","2.0","0","0"
"301","kastaplast","berg","1.0","1.0","0.0","2.0","0","0"
"302","kastaplast","falk","9.0","6.0","-2.0","2.0","0","0"
"303","kastaplast","grym","13.0","5.0","-2.0","2.0","0","0"
"304","kastaplast","grym x","13.0","5.0","-1.0","2.0","0","0"
"305","kastaplast","kaxe","6.0","4.0","0.0","3.0","0","1"
"306","kastaplast","kaxe z","6.0","5.0","0.0","2.0","0","1"
"307","kastaplast","rask","14.0","3.0","0.0","4.0","0","0"
"308","kastaplast","reko","3.0","3.0","0.0","1.0","0","0"
"309","kastaplast","stal","9.0","4.0","0.0","3.0","0","0"
"310","kestrel outdoors","beginner fairway driver","7.0","6.0","1.0","1.0","0","0"
"311","kestrel outdoors","beginner mid-range","3.0","3.0","0.0","2.0","0","0"
"312","kestrel outdoors","beginner putter","1.0","3.0","0.0","1.0","0","0"
"313","latitude 64","anchor","5.0","4.0","0.0","3.0","0","0"
"314","latitude 64","ballista","14.0","5.0","-1.0","3.0","0","0"
"315","latitude 64","ballista pro","14.0","4.0","0.0","3.0","0","0"
"316","latitude 64","beetle","1.0","7.0","-1.0","0.0","0","0"
"317","latitude 64","bite","3.0","3.0","0.0","0.0","0","0"
"318","latitude 64","blitz","12.0","3.0","0.0","4.0","0","0"
"319","latitude 64","bolt","13.0","6.0","-2.0","3.0","0","0"
"320","latitude 64","bryce","9.0","6.0","-2.0","2.0","0","0"
"321","latitude 64","caltrop","2.0","2.0","0.0","2.0","0","0"
"322","latitude 64","claymore","5.0","5.0","-1.0","1.0","0","0"
"323","latitude 64","compass","5.0","5.0","0.0","1.0","0","0"
"324","latitude 64","core","6.0","5.0","-0.5","1.0","0","0"
"325","latitude 64","culverin","9.0","5.0","-0.5","3.0","0","0"
"326","latitude 64","cutlass","13.0","5.0","0.0","3.5","0","0"
"327","latitude 64","dagger","2.0","5.0","0.0","1.0","0","0"
"328","latitude 64","diamond","8.0","6.0","-3.0","1.0","0","0"
"329","latitude 64","explorer","7.0","5.0","0.0","2.0","0","0"
"330","latitude 64","falchion","8.0","5.0","-1.0","2.0","0","0"
"331","latitude 64","flow","11.0","6.0","-0.5","2.0","0","0"
"332","latitude 64","fuji","4.0","4.0","0.0","2.0","0","0"
"333","latitude 64","fury","9.0","6.0","-2.0","2.0","0","0"
"334","latitude 64","fuse","5.0","6.0","-1.0","0.0","0","0"
"335","latitude 64","gauntlet","2.0","4.0","0.0","1.0","0","0"
"336","latitude 64","gladiator","13.0","5.0","0.0","3.5","0","0"
"337","latitude 64","gobi","6.0","5.0","-0.5","1.0","0","1"
"338","latitude 64","halo","13.0","5.0","-0.5","3.0","0","0"
"339","latitude 64","havoc","13.0","5.0","-1.0","3.0","0","0"
"340","latitude 64","jade","9.0","6.0","-2.0","1.0","0","0"
"341","latitude 64","knight","14.0","4.0","-1.5","4.0","0","0"
"342","latitude 64","macana","2.0","5.0","0.0","1.0","0","0"
"343","latitude 64","mace","5.0","5.0","0.0","2.0","0","0"
"344","latitude 64","maul","7.0","7.0","-2.0","1.0","0","0"
"345","latitude 64","mercy","2.0","4.0","0.0","1.0","0","0"
"346","latitude 64","missilen","15.0","3.0","-0.5","4.5","0","0"
"347","latitude 64","musket","10.0","5.0","-0.5","2.0","0","0"
"348","latitude 64","pain","4.0","4.0","0.0","3.0","0","0"
"349","latitude 64","pearl","4.0","6.0","-4.0","0.0","0","0"
"350","latitude 64","pioneer","9.0","3.0","0.0","4.0","0","0"
"351","latitude 64","pure","3.0","3.0","-1.0","1.0","0","0"
"352","latitude 64","raketen","15.0","4.0","-2.0","3.0","0","0"
"353","latitude 64","recoil","12.0","4.0","0.0","3.0","0","0"
"354","latitude 64","river","7.0","7.0","-1.0","1.0","0","0"
"355","latitude 64","river pro","6.0","5.0","0.0","2.0","0","0"
"356","latitude 64","ruby","3.0","5.0","-3.0","1.0","0","0"
"357","latitude 64","saint","9.0","7.0","-2.0","2.0","0","0"
"358","latitude 64","saint pro","8.0","5.0","-0.5","2.0","0","0"
"359","latitude 64","sarek","2.0","4.0","0.0","1.5","0","0"
"360","latitude 64","scythe","12.0","3.0","0.0","4.0","0","0"
"361","latitude 64","sinus ap","2.0","2.0","0.0","2.0","0","0"
"362","latitude 64","sinus sp","2.0","2.0","0.0","2.0","0","0"
"363","latitude 64","spark","7.0","4.0","-0.5","2.0","0","0"
"364","latitude 64","spike","4.0","3.0","-1.0","1.0","0","0"
"365","latitude 64","stiletto","13.0","3.0","0.5","5.0","0","0"
"366","latitude 64","striker","8.0","5.0","0.0","2.0","0","0"
"367","latitude 64","villain","12.0","4.0","0.0","4.0","0","0"
"368","latitude 64","vision","8.0","6.0","-1.0","2.0","0","0"
"369","latitude 64","xxx","7.0","3.0","0.0","4.0","0","0"
"370","latitude 64","zion","9.0","4.0","-0.5","3.0","0","0"
"371","legacy discs","aftermath","13.0","5.0","-2.0","3.0","0","0"
"372","legacy discs","bandit","9.0","5.0","-2.0","1.0","0","0"
"373","legacy discs","cannon","14.0","5.0","-3.0","3.0","0","0"
"374","legacy discs","clozer","2.0","3.0","0.0","2.0","0","0"
"375","legacy discs","clutch","2.0","3.0","0.0","1.0","0","0"
"376","legacy discs","enemy","9.0","3.0","0.0","4.0","0","0"
"377","legacy discs","fighter","10.0","3.0","0.0","4.0","0","0"
"378","legacy discs","gauge","5.0","5.0","0.0","1.0","0","0"
"379","legacy discs","ghost","4.0","5.0","0.0","3.0","0","0"
"380","legacy discs","hunter","2.0","4.0","0.0","0.0","0","0"
"381","legacy discs","mongoose","9.0","5.0","-3.0","1.0","0","0"
"382","legacy discs","nemesis","10.0","6.0","-4.0","2.0","0","0"
"383","legacy discs","outlaw","12.0","5.0","-1.0","3.0","0","0"
"384","legacy discs","patriot","7.0","5.0","-2.0","1.0","0","0"
"385","legacy discs","phenom","8.0","5.0","-1.0","2.0","0","0"
"386","legacy discs","prowler","2.0","3.0","0.0","1.5","0","0"
"387","legacy discs","pursuit","5.0","3.0","0.0","3.0","0","0"
"388","legacy discs","rampage","14.0","5.0","-1.0","4.0","0","0"
"389","legacy discs","recluse","4.0","3.0","0.0","4.0","0","0"
"390","legacy discs","recon","13.0","5.0","-1.0","3.0","0","0"
"391","legacy discs","rival","7.0","5.0","0.0","2.0","0","0"
"392","lightning discs","#1 hookshot","6.0","4.0","0.0","3.0","0","0"
"393","lightning discs","#1 hyzer","7.0","3.0","0.0","4.0","0","0"
"394","lightning discs","#2 helix","8.0","5.0","-1.0","3.0","0","0"
"395","lightning discs","#2 hookshot","5.0","5.0","-1.0","3.0","0","0"
"396","lightning discs","#2 putter","1.0","2.0","-2.0","1.0","0","0"
"397","lightning discs","#2 roller","6.0","6.0","-2.0","2.0","0","0"
"398","lightning discs","#2 upshot","1.0","3.0","-2.0","0.0","0","0"
"399","lightning discs","#3 driver","6.0","5.0","-2.0","3.0","0","0"
"400","lightning discs","#3 flyer","7.0","4.0","-2.0","2.0","0","0"
"401","lightning discs","#3 hookshot","4.0","5.0","-1.0","2.0","0","0"
"402","lightning discs","#4 driver","7.0","4.0","-1.0","2.0","0","0"
"403","lightning discs","upshot","1.0","3.0","-2.0","0.0","0","0"
"404","millennium","aquarius","10.0","5.0","-4.0","2.0","0","0"
"405","millennium","aries","11.0","6.0","-3.0","1.0","0","0"
"406","millennium","astra","11.0","5.0","-2.0","2.0","0","0"
"407","millennium","jls","8.0","5.0","-2.0","2.0","0","0"
"408","hyzer bomb","marksman","9.0","4.0","-1.0","2.0","0","0"
"409","millennium","aurora","4.0","5.0","-1.0","1.0","0","0"
"410","hyzer bomb","moab","6.0","4.0","1.0","5.0","0","0"
"411","hyzer bomb","mortar","5.0","3.0","0.0","3.0","0","0"
"412","millennium","omega","2.0","3.0","-1.0","1.0","0","0"
"413","millennium","orion lf","9.0","5.0","-1.0","3.0","0","0"
"414","millennium","orion ls","9.0","5.0","-2.0","2.0","0","0"
"415","millennium","polaris lf","9.0","5.0","-2.0","2.5","0","0"
"416","millennium","polaris ls","8.0","5.0","-2.0","1.0","0","0"
"417","millennium","quasar","13.0","5.0","-1.0","4.0","0","0"
"418","millennium","qjls","8.0","5.0","-2.0","2.0","0","0"
"419","millennium","qms","4.0","5.0","0.0","0.0","0","0"
"420","millennium","scorpius","13.0","4.0","-1.0","3.0","0","0"
"421","millennium","sentinel mf","5.0","4.0","0.0","4.0","0","0"
"422","hyzer bomb","tank - panzer","2.0","2.0","0.0","3.0","0","0"
"423","millennium","taurus","4.0","4.0","0.0","4.0","0","0"
"424","hyzer bomb","veteran","7.0","4.0","0.0","1.0","0","0"
"425","hyzer bomb","sabot","11.0","4.0","0.0","5.0","0","0"
"426","mint discs","alpha","8.0","4.0","0.0","2.0","0","0"
"427","mint discs","bobcat","5.0","5.0","0.0","2.0","0","0"
"428","MVP","amp","8.0","5.0","-1.5","1.0","0","0"
"429","MVP","anode","2.5","3.0","0.0","0.5","0","0"
"430","MVP","atom","3.0","3.0","0.0","1.0","0","0"
"431","MVP","axis","5.0","5.0","-1.0","1.0","0","0"
"432","MVP","catalyst","13.0","5.5","-2.0","2.0","0","0"
"433","MVP","deflector","5.0","3.5","0.0","4.0","0","0"
"434","MVP","dimension","14.5","5.0","0.0","3.0","0","0"
"435","MVP","energy","13.0","4.0","0.0","4.0","0","0"
"436","MVP","impulse","9.0","5.0","-3.0","1.0","0","0"
"437","MVP","inertia","9.0","5.0","-2.0","2.0","0","0"
"438","MVP","ion","2.5","3.0","0.0","1.5","0","0"
"439","MVP","limit","14.5","3.5","0.0","4.0","0","0"
"440","MVP","matrix","5.0","4.0","-1.0","2.0","0","0"
"441","MVP","motion","9.0","3.5","0.0","4.0","0","0"
"442","MVP","nitro","13.0","4.0","-0.5","3.0","0","0"
"443","MVP","octane","13.0","5.0","-1.0","2.0","0","0"
"444","MVP","orbital","11.0","5.0","-4.5","1.0","0","0"
"445","MVP","particle","3.0","3.0","0.0","2.5","0","0"
"446","MVP","phase","11.0","3.5","0.0","4.0","0","0"
"447","MVP","photon","11.0","5.0","-1.0","2.5","0","0"
"448","MVP","relativity","14.5","5.5","-3.0","1.5","0","0"
"449","MVP","relay","6.0","5.0","-2.0","1.0","0","0"
"450","MVP","resistor","6.5","4.0","0.0","3.5","0","0"
"451","MVP","servo","6.5","5.0","-1.0","2.0","0","0"
"452","MVP","shock","8.0","5.0","0.0","2.5","0","0"
"453","MVP","signal","6.0","5.0","-3.0","1.0","0","0"
"454","MVP","spin","2.5","4.0","-2.0","0.0","0","0"
"455","MVP","switch","6.5","5.0","-1.5","1.0","0","0"
"456","MVP","tangent","4.0","4.0","-0.5","0.5","0","0"
"457","MVP","teleport","14.5","5.0","-1.5","2.5","0","0"
"458","MVP","tensor","4.0","4.0","0.0","2.5","0","0"
"459","MVP","tesla","9.0","5.0","-1.0","2.0","0","0"
"460","MVP","vector","5.0","4.0","0.0","2.0","0","0"
"461","MVP","vertex","4.0","4.0","-2.0","0.5","0","0"
"462","MVP","volt","8.0","5.0","-0.5","2.0","0","0"
"463","MVP","wave","11.0","5.0","-2.0","2.0","0","0"
"464","obsidian discs","caldera","12.0","5.0","-1.0","2.0","0","0"
"465","obsidian discs","cinder","7.0","5.0","0.0","2.0","0","0"
"467","obsidian discs","shard","7.0","5.0","-1.5","1.0","0","0"
"468","obsidian discs","splinter","3.0","2.0","0.0","3.5","0","0"
"469","ozone discs","andro c","6.0","4.0","-2.0","1.0","0","0"
"470","ozone discs","hyperion","11.0","4.0","0.0","4.0","0","0"
"471","plastic addicts","habit","3.0","5.0","-1.0","0.0","0","0"
"472","plastic addicts","intervention","12.0","5.0","-1.0","4.0","0","0"
"473","prodigy","a1","3.0","3.0","0.0","3.0","0","0"
"474","prodigy","a2","4.0","4.0","0.0","3.0","1","0"
"475","prodigy","a3","4.0","4.0","0.0","2.5","0","0"
"476","prodigy","a4","4.0","4.0","-1.0","2.0","0","0"
"477","prodigy","d1","12.0","5.0","0.0","3.0","0","0"
"478","prodigy","d2","12.0","6.0","-1.0","3.0","0","0"
"479","prodigy","d3","12.0","6.0","-2.0","2.0","0","0"
"480","prodigy","d4","12.0","6.0","-3.0","2.0","0","0"
"481","prodigy","d5","12.0","6.0","-4.0","2.0","0","0"
"482","prodigy","d6","12.0","6.0","-4.0","1.0","0","0"
"483","prodigy","f1","7.0","4.0","0.0","3.0","0","0"
"484","prodigy","f2","7.0","5.0","-1.0","3.0","0","0"
"485","prodigy","f3","7.0","5.0","-1.0","2.0","0","0"
"486","prodigy","f5","7.0","5.0","-2.0","1.0","0","0"
"487","prodigy","F7","7.0","5.0","-3.0","1.0","0","0"
"488","prodigy","h1v2","10.0","4.0","0.0","3.0","0","0"
"489","prodigy","h2v2","10.0","5.0","0.0","2.5","0","0"
"490","prodigy","h3v2","10.0","5.0","-1.0","2.0","0","0"
"491","prodigy","h4v2","10.0","5.0","-2.0","1.5","0","0"
"492","prodigy","h5","9.0","5.0","-3.0","1.0","0","0"
"493","prodigy","m2","5.0","4.0","0.0","2.0","0","0"
"494","prodigy","m3","5.0","5.0","-1.0","2.0","0","0"
"495","prodigy","M4","5.0","5.0","-1.0","1.0","0","0"
"496","prodigy","m5","5.0","5.0","-3.0","1.0","0","0"
"497","prodigy","m1","5.0","4.0","0.0","3.0","0","0"
"498","prodigy","PA1","3.0","3.0","0.0","2.0","0","0"
"499","prodigy","PA2","3.0","3.0","0.0","1.0","0","0"
"500","prodigy","PA3","3.0","4.0","0.0","1.0","0","0"
"501","prodigy","PA4","3.0","3.0","-1.0","1.0","0","0"
"502","prodigy","x2","13.0","4.0","0.0","4.0","0","0"
"503","prodigy","x3","12.0","5.0","-1.0","2.0","0","0"
"504","prodigy","x4","13.0","5.0","-2.5","2.0","0","0"
"505","prodigy","x5","13.0","5.0","-4.0","1.0","0","0"
"506","prodiscus","fasti","13.0","4.0","-2.0","3.0","0","0"
"507","prodiscus","jokeri","4.0","3.0","0.0","2.0","0","0"
"508","prodiscus","laseri","7.0","3.0","-3.0","2.0","0","0"
"509","prodiscus","legenda","13.0","5.0","-1.0","2.0","0","0"
"510","prodiscus","midari","5.0","4.0","-1.0","2.0","0","0"
"511","prodiscus","razeri","12.0","5.0","0.0","3.0","0","0"
"512","prodiscus","respecti","8.0","4.0","0.0","2.0","0","0"
"513","prodiscus","rocket","9.0","4.0","0.0","3.0","0","1"
"514","prodiscus","slaidi","12.0","5.0","0.0","3.0","0","0"
"515","prodiscus","sparta","3.0","3.0","0.0","0.5","0","0"
"516","prodiscus","titan","10.0","4.0","0.0","3.0","0","0"
"517","reptilian disc golf","gila","5.0","4.0","0.0","3.0","0","0"
"518","reptilian disc golf","scale","2.0","1.0","0.0","3.0","0","0"
"519","reptilian disc golf","serpent","2.0","2.0","0.0","0.0","0","0"
"520","reptilian disc golf","stego","3.0","1.0","1.0","4.0","0","0"
"521","reptilian disc golf","tyrant","7.0","3.0","0.0","2.5","0","0"
"522","RPM","kahu","13.0","5.0","-1.5","3.0","0","0"
"523","RPM","kea","10.0","5.0","-2.0","2.0","0","0"
"524","RPM","kiwi","10.0","5.0","-1.0","2.0","0","0"
"525","RPM","ruru","3.0","3.0","0.0","1.0","0","0"
"526","RPM","temoko","3.0","4.0","0.0","0.0","0","0"
"527","RPM","tui","3.0","4.0","-1.0","0.0","0","0"
"528","skyquest discs","chainzilla","2.0","3.0","-1.0","1.0","0","0"
"529","skyquest discs","l13","10.0","5.0","-3.0","2.0","0","0"
"530","skyquest discs","medusa","11.0","5.0","-2.0","2.0","0","0"
"531","storm disc golf","jet stream","12.0","5.0","-1.0","3.0","0","0"
"532","storm disc golf","the crater","3.0","2.0","0.0","3.0","0","1"
"533","storm disc golf","the eye","5.0","5.0","-1.0","1.0","0","0"
"534","streamline","drift","7.0","5.0","-2.0","1.0","0","0"
"535","streamline","pilot","2.0","5.0","-1.0","1.0","0","0"
"536","streamline","runway","5.0","4.0","0.0","3.5","0","0"
"537","streamline","trace","11.0","5.0","-1.0","2.0","0","0"
"538","tobu discs","charge","9.0","4.0","-1.0","2.0","0","0"
"539","tobu discs","power roller","8.0","4.0","-3.0","1.0","0","0"
"541","viking discs","axe","4.0","3.0","0.0","1.0","0","0"
"542","viking discs","barbarian","7.0","5.0","0.0","2.0","0","0"
"543","viking discs","berserker","10.0","5.0","-4.0","1.0","0","0"
"544","viking discs","cosmos","7.0","5.0","-2.0","1.0","0","0"
"545","viking discs","knife","2.0","3.0","0.0","2.0","0","0"
"546","viking discs","loki","4.0","2.0","0.0","4.0","1","0"
"547","viking discs","nordic warrior","4.0","4.0","0.0","2.0","0","0"
"548","viking discs","ragnarok","11.0","5.0","-2.0","1.0","0","0"
"549","viking discs","rune","2.0","4.0","0.0","0.0","0","0"
"550","viking discs","thunder god thor","14.0","5.0","0.0","2.0","0","0"
"551","viking discs","valhalla","12.0","5.0","0.0","2.0","0","0"
"552","westside","ahti","9.0","3.0","0.0","4.0","0","0"
"553","westside","anvil","4.0","2.0","0.0","4.0","0","0"
"554","westside","bard","5.0","4.0","0.0","3.0","0","0"
"555","westside","boatman","11.0","5.0","0.0","2.0","0","0"
"556","westside","catapult","14.0","4.0","-0.5","3.0","0","0"
"557","westside","crown","3.0","4.0","0.0","1.0","0","0"
"558","westside","destiny","14.0","6.0","-2.0","3.0","0","0"
"559","westside","fortress","10.0","4.0","0.0","3.0","0","0"
"560","westside","giant","13.0","4.0","0.0","3.5","0","0"
"561","westside","harp","4.0","3.0","0.0","3.0","1","0"
"562","westside","hatchet","9.0","6.0","-2.0","1.0","0","0"
"563","westside","king","14.0","5.0","-1.5","3.0","0","0"
"564","westside","longbowman","9.0","4.0","0.0","3.0","0","0"
"565","westside","maiden","3.0","4.0","0.0","1.0","0","0"
"566","westside","northman","10.0","5.0","-1.0","2.0","0","0"
"567","westside","pine","5.0","4.0","0.0","2.0","0","0"
"568","westside","queen","14.0","5.0","-3.0","2.0","0","0"
"569","westside","sampo","10.0","4.0","-1.0","2.0","0","0"
"570","westside","seer","7.0","5.0","-2.0","1.0","0","0"
"571","westside","shield","3.0","3.0","0.0","1.0","0","0"
"572","westside","sling","5.0","5.0","0.0","1.0","0","0"
"573","westside","stag","8.0","6.0","-1.0","2.0","0","0"
"574","westside","sorcerer","13.0","5.0","-0.5","3.0","0","0"
"575","westside","swan","3.0","3.0","-1.0","0.0","0","0"
"576","westside","swan reborn","3.0","3.0","-2.5","0.0","0","0"
"577","westside","sword","12.0","5.0","-0.5","2.0","0","0"
"578","westside","tursas","5.0","5.0","-2.0","1.0","0","0"
"579","westside","underworld","7.0","6.0","-3.0","1.0","0","0"
"580","westside","war horse","13.0","4.0","0.0","4.0","0","0"
"581","westside","warship","5.0","6.0","0.0","1.0","0","0"
"582","westside","world","14.0","4.0","-0.5","3.0","0","0"
"583","yikun sports","claws","1.0","2.0","0.0","0.0","0","0"
"584","yikun sports","crossbow","4.0","2.0","0.5","4.0","0","0"
"585","yikun sports","da'e","13.0","5.0","0.0","2.0","0","0"
"586","yikun sports","gou","8.0","5.0","-4.0","1.0","0","0"
"587","yikun sports","gui","2.0","3.0","0.0","2.0","0","0"
"588","yikun sports","hammer","2.0","3.0","0.0","3.0","0","0"
"589","yikun sports","hu","9.0","5.0","-2.5","2.0","0","0"
"590","yikun sports","jiao","6.0","5.0","-2.5","1.5","0","0"
"591","yikun sports","jun","11.0","5.0","-1.0","2.0","0","0"
"592","yikun sports","kui","5.0","5.0","0.0","2.0","0","0"
"593","yikun sports","lu","14.0","5.0","-1.0","3.0","0","0"
"594","yikun sports","twin swords","12.0","5.0","0.0","2.0","0","0"
"595","yikun sports","view","6.0","4.0","-1.0","2.0","0","0"
"596","yikun sports","wei","10.0","5.0","-2.5","2.0","0","0"
"597","yikun sports","wings","3.0","3.0","0.0","2.0","0","0"
"598","yikun sports","yao","4.0","4.0","0.0","2.0","0","0"
"599","prodigy","d1 max","12.0","5.0","0.0","3.0","0","0"
"600","prodigy","d2 max","12.0","6.0","-1.0","3.0","0","0"
"601","infinite discs","emperor","12.0","5.0","-1.0","2.5","0","0"
"602","axiom","pyro","5.0","4.0","0.0","2.5","0","0"
"603","millennium","falcon","13.0","5.0","0.0","0.3","0","0"
"604","gateway disc sports","blade","9.0","5.0","0.0","3.0","0","0"
"605","gateway disc sports","spear","9.0","6.0","-2.0","1.0","0","0"
"606","disc golf uk","the duke","5.5","4.0","0.0","3.5","0","0"
"607","dynamic discs","raider","13.0","5.0","-1.0","3.0","0","0"
"608","streamline","flare","9.0","4.0","0.0","3.5","0","0"
"609","MVP","entropy","3.0","3.0","0.0","4.0","0","0"
"610","disc golf uk","the baron","4.0","3.0","0.0","2.5","0","0"
"611","disc golf uk","the count","7.0","4.0","-1.0","3.0","0","0"
"612","storm disc golf","abyss","8.0","5.0","0.0","3.0","0","0"
"613","discmania","sea serpent","12.0","5.0","-2.0","2.0","0","0"
"614","discmania","fox spirit","6.0","4.0","0.0","2.0","0","0"
"615","discmania","instinct","7.0","5.0","0.0","2.0","0","0"
"616","discmania","sun crow","8.0","5.0","-4.0","1.0","0","0"
"617","discmania","spring ox","4.0","3.0","0.0","2.0","0","0"
"618","discmania","guardian lion","1.0","3.0","0.0","1.0","0","0"
"619","discmania","DD3","12.0","5.0","-1.0","3.0","0","0"
"620","streamline","lift","9.0","5.0","-2.0","1.5","0","0"
"621","tokyo discs","rei","2.0","5.0","0.0","1.0","0","0"
"622","prodigy","mx-3","5.0","4.0","0.0","2.0","0","0"
"623","above ground level","magnolia","5.0","4.0","0.0","2.0","0","0"
"624","streamline","stabilizer","3.0","3.5","0.0","3.0","0","0"
"625","discmania","method","5.0","5.0","0.0","3.0","0","0"
"626","millennium","draco","9.0","5.0","0.0","3.0","0","0"
"627","infinite discs","scarab","2.0","4.0","0.0","1.0","0","0"
"628","infinite discs","scepter","9.0","3.0","0.0","4.0","0","0"
"629","discmania","enigma","12.0","5.0","-1.0","2.0","0","0"
"630","mint discs","profit","3.0","3.0","0.0","1.0","0","0"
"631","axiom","delirium","14.5","5.0","-0.5","3.0","0","0"
"632","discmania","link","2.0","3.0","0.0","1.0","0","0"
"633","black zombie disc golf","flame thrower","11.5","6.0","-2.0","2.0","0","0"
"634","yikun sports","tomahawk","5.0","6.0","0.0","0.0","0","0"
"635","yikun sports","meteor hammer","2.0","3.0","0.0","0.0","0","0"
"636","discraft","anax","10.0","6.0","0.0","3.0","0","0"
"637","above ground level","sycamore","7.0","5.0","0.0","1.0","0","0"
"638","infinite discs","cohort","3.5","4.0","0.0","1.0","0","0"
"639","infinite discs","centurion","7.0","5.0","-1.0","1.5","0","0"
"640","DGA","rift","5.0","4.0","-1.0","1.5","0","0"
"641","storm disc golf","radar","2.0","5.0","0.0","0.5","0","0"
"642","discraft","malta","5.0","4.0","1.0","3.0","0","0"
"643","mint discs","freetail","10.0","5.0","-3.0","2.0","0","0"
"644","infinite discs","aztec","10.0","5.0","-1.0","2.0","0","0"
"645","abc discs","gamma ray","9.0","4.0","-2.0","2.0","0","0"
"646","aerobie","arrow","1.0","2.0","0.0","1.0","0","0"
"647","aerobie","sharpshooter #1","7.0","3.0","0.0","3.0","1","0"
"648","aerobie","sharpshooter #2","4.0","3.0","0.0","3.0","1","0"
"649","aerobie","sharpshooter #3","2.0","3.0","0.0","3.0","1","0"
"650","ching sports","fusion juju","3.0","4.0","-1.0","1.0","0","0"
"651","deity discs","chimera","12.0","5.0","-3.0","2.0","0","0"
"652","DGA","shockwave","4.0","2.0","0.0","3.0","0","0"
"653","DGA","sparkle aftershock","5.0","4.0","0.0","2.0","0","0"
"654","DGA","sparkle reef","2.0","2.0","-1.0","1.0","0","0"
"655","discraft","reaper","8.0","3.0","0.0","4.0","0","0"
"656","discraft","talon","8.0","3.0","1.0","3.0","0","0"
"657","discraft","tracker","8.0","5.0","-1.0","3.0","0","0"
"659","discraft","wildcat","11.0","5.0","-2.0","3.0","0","0"
"660","dynamic discs","fugitive","5.0","5.0","0.0","1.0","0","0"
"661","gateway disc sports","apache","9.0","6.0","-1.0","2.0","0","0"
"662","gateway disc sports","hybrid","7.0","4.0","-0.5","3.0","0","0"
"663","gateway disc sports","karma","7.0","5.0","-1.0","2.0","0","0"
"664","gateway disc sports","rage","10.0","5.0","-0.5","3.5","0","0"
"665","gateway disc sports","scout","6.0","5.0","-1.0","2.0","0","0"
"666","gateway disc sports","warrior","5.0","4.0","0.0","3.0","0","0"
"667","innova","ace","2.0","3.0","-2.0","1.0","0","0"
"668","innova","aviar putter","2.0","3.0","0.0","1.0","0","0"
"669","innova","barracuda","5.0","4.0","-2.0","3.0","0","0"
"670","innova","bulldog","4.0","3.0","0.0","2.0","0","0"
"671","innova","ce aviar","2.0","3.0","0.0","0.0","0","0"
"672","innova","ce eagle","7.0","4.0","-1.0","3.0","0","0"
"673","innova","classic ace","3.0","3.0","-2.0","2.0","0","0"
"674","innova","commander","6.0","3.0","0.0","4.0","0","1"
"675","innova","coupe","2.0","3.0","-1.0","1.0","0","0"
"676","innova","gargoyle","6.0","3.0","-1.0","2.0","0","0"
"677","innova","griffin","5.0","3.0","1.0","3.0","0","0"
"679","innova","hawg","2.0","1.0","0.0","3.5","0","0"
"680","innova","lycan","4.0","5.0","0.0","1.0","0","0"
"681","innova","pegasus","7.0","4.0","-1.0","3.0","0","0"
"682","innova","python","7.0","3.0","-1.0","2.0","0","0"
"683","innova","ram","6.0","4.0","1.0","4.0","0","0"
"684","innova","raven","6.0","4.0","-2.0","2.0","0","0"
"685","innova","scorpion","5.0","5.0","-1.0","2.0","0","0"
"686","latitude 64","medius","5.0","5.0","-1.0","2.0","0","0"
"687","latitude 64","primitus","9.0","5.0","0.0","2.0","0","0"
"688","latitude 64","riot","11.0","4.0","-1.0","2.0","0","0"
"689","latitude 64","trident","6.0","4.0","-0.5","3.0","0","0"
"690","lightning discs","#1 flyer","8.0","5.0","-2.0","2.0","0","0"
"691","lightning discs","#1 helix","8.0","4.0","-1.0","3.0","0","0"
"692","lightning discs","#1 roller","7.0","3.0","-2.0","1.0","0","0"
"693","lightning discs","#1 slice","7.0","4.0","-3.0","2.0","0","0"
"694","lightning discs","#2 driver","8.0","5.0","-2.0","2.0","0","0"
"695","lightning discs","#2 hyzer","5.0","5.0","1.0","4.0","0","0"
"696","lightning discs","#2 slice","6.0","5.0","-3.0","1.0","0","0"
"697","lightning discs","maxline -- 1","9.0","4.0","-2.0","3.0","0","0"
"698","millennium","exp","7.0","3.0","1.0","4.0","0","0"
"699","millennium","omega supersoft putter big bead","2.0","3.0","-1.0","1.0","0","0"
"700","ozone discs","andro 1","6.0","4.0","-2.0","1.0","0","0"
"702","prodigy","h1","10.0","3.0","0.0","3.5","0","0"
"703","prodigy","h2","9.0","5.0","0.0","2.0","0","0"
"704","prodigy","h3","9.0","4.0","0.0","2.0","0","0"
"705","prodigy","x1","13.0","3.0","0.0","5.0","0","0"
"706","prodiscus","stari","5.0","4.0","-2.0","1.0","0","0"
"707","rip disc golf","ballistic","13.0","4.0","-2.0","3.0","0","0"
"708","rip disc golf","graboide","2.0","1.0","0.0","3.0","0","0"
"709","rip disc golf","relic","2.0","2.0","-2.0","2.0","0","0"
"710","salient discs","antidote","5.0","6.0","-0.5","0.5","0","0"
"711","salient discs","backdraft","12.0","5.0","-1.0","2.0","0","0"
"712","salient discs","prometheus","14.0","4.0","-1.0","1.0","0","0"
"713","salient discs","touch","2.0","3.0","0.0","1.0","0","0"
"714","salient discs","vein","8.0","4.0","0.0","2.0","0","0"
"715","skyiron","flagship","11.0","4.0","-3.0","2.0","0","0"
"717","ub disc golf - hand candy","procul","12.0","4.0","-3.0","2.0","0","1"
"718","ub disc golf - hand candy","monstrum","11.0","5.0","0.0","3.0","0","0"
"719","vibram disc golf","arch","8.0","5.0","0.0","2.0","0","0"
"720","vibram disc golf","ascent","8.0","4.0","0.0","3.0","0","0"
"721","vibram disc golf","crag","4.0","3.5","0.0","3.5","0","0"
"722","vibram disc golf","ibex","5.0","4.0","-1.0","1.0","0","0"
"723","vibram disc golf","lace","14.0","6.0","-1.0","1.0","0","0"
"724","vibram disc golf","launch","5.0","5.0","-1.0","2.0","0","0"
"725","vibram disc golf","notch","7.0","3.0","0.0","4.0","0","0"
"726","vibram disc golf","obex","5.0","4.0","0.0","3.0","0","0"
"727","vibram disc golf","o-lace","13.0","5.0","-1.0","3.0","0","0"
"728","vibram disc golf","onyx","8.0","6.0","-3.0","1.0","0","0"
"729","vibram disc golf","ridge","2.0","3.0","0.0","1.0","0","0"
"730","vibram disc golf","trak","7.0","4.0","-1.0","2.0","0","0"
"731","vibram disc golf","solace","13.0","4.0","0.0","4.0","0","0"
"732","vibram disc golf","sole","2.0","3.0","0.0","2.0","0","0"
"733","vibram disc golf","summit","2.0","3.0","-1.0","0.0","0","0"
"734","vibram disc golf","unlace","14.0","6.0","-5.0","1.0","0","0"
"735","vibram disc golf","valley","7.0","5.0","-1.0","1.0","0","0"
"736","vibram disc golf","vamp","7.0","5.0","-2.0","1.0","0","0"
"737","vibram disc golf","v.p.","2.0","3.0","0.0","2.0","0","0"
"739","axiom","theory","4.0","4.0","-1.5","1.0","0","0"
"740","axiom","alias","4.0","4.0","-1.0","1.0","0","0"
"741","axiom","clash","6.5","4.0","-1.0","2.0","0","0"
"742","axiom","crave","6.5","5.0","-1.0","1.0","0","0"
"743","axiom","defy","11.0","5.0","-1.0","3.0","0","0"
"744","axiom","Envy","3.0","3.0","0.0","2.0","0","0"
"745","axiom","excite","14.5","5.5","-2.0","2.0","0","0"
"746","axiom","fireball","9.0","3.5","-0.5","4.0","0","0"
"747","axiom","insanity","9.0","5.0","-2.0","1.5","0","0"
"748","axiom","inspire","6.5","5.0","-1.5","1.0","0","0"
"749","axiom","mayhem","13.0","5.0","-1.5","2.0","0","0"
"750","axiom","panic","13.0","4.0","-0.5","3.0","0","0"
"751","axiom","proxy","3.0","3.0","0.0","0.5","1","0"
"752","axiom","tantrum","14.5","5.0","-1.5","3.0","0","0"
"753","axiom","tenacity","13.0","5.0","-2.5","2.0","0","0"
"754","axiom","thrill","11.0","4.0","-1.0","3.0","0","0"
"755","axiom","vanish","11.0","5.0","-3.0","2.0","0","0"
"756","axiom","virus","9.0","5.0","-3.5","1.0","0","0"
"757","axiom","wrath","9.0","4.5","-0.5","2.0","0","0"
"758","latitude 64","keystone","2.0","5.0","-1.0","1.0","0","0"
"759","kastaplast","gote","4.0","5.0","0.0","1.0","0","0"
"760","discraft","stalker","7.0","5.0","-1.0","2.0","0","0"
"761","discraft","zeus","12.0","5.0","-1.0","3.0","0","0"
"762","innova","firefly","2.0","3.0","0.0","1.0","0","0"
"763","discraft","fierce","3.0","4.0","-2.0","0.0","0","0"
"764"," Thought Space Athletics","Mantra","9.0","5.0","-2.0","1.0","0","0"
"765","DGA","Breaker","4.0","3.0","0.0","3.0","1","0"
"766","DGA","Hellfire","10.0","3.0","0.0","5.0","0","0"
"767","discraft","Raptor","9.0","4.0","0.0","3.0","0","0"
"768","prodigy","P Model S","3.0","5.0","0.0","2.0","0","0"
"769","prodigy","D Model S","13.0","6.0","0.0","2.0","0","0"
"770","prodigy","F Model S","10.0","5.0","-1.0","3.0","0","0"
"771","prodigy","M Model S","6.0","4.0","-1.0","3.0","0","0"
"772","innova","Aviar Driver","2.0","3.0","0.0","2.0","0","0"
"773","innova","JK Aviar","2.0","3.0","0.0","2.0","0","0"
"774","innova","Super Stingray","4.0","5.0","-1.0","1.0","0","0"
"776","innova","Aviar-X","2.0","3.0","0.0","2.0","0","0"
"778","discraft","rattler","2.0","2.0","-2.0","1.0","0","1"
"779","discmania","Sun Bird","7.0","5.0","-4.0","1.0","0","0"
"780","discmania","Tiger Warrior","3.0","3.0","0.0","1.0","0","0"
"784","prodigy","fx-2","9.0","5.0","0.0","3.0","0","0"
"785","Westside","Gatekeeper","4.0","5.0","0.0","2.0","0","0"
"786","Discraft","Sol","4.0","5.0","-3.0","0.0","0","0"
"787","Kastaplast","Lots","9.0","5.0","-1.0","2.0","0","0"
"788","Innova","yeti pro aviar","2.0","3.0","0.0","1.0","0","0"
"789","MVP","Ohm","2.0","5.0","0.0","1.0","0","0"
"790","MVP","Reactor","5.0","5.0","-0.5","1.5","0","0"
"791","Daredevil Discs","Walrus","4.0","5.0","0.0","3.0","0","0"
"792","INNOVA","Sexybird De Zane","9.0","3.0","-1.0","3.0","0","0"
"793","innova","croc","5.5","2.0","0.0","5.0","0","0"
"794","discmania","PD3","11.0","3.0","0.0","5.0","0","0"
"795","discmania","tactic","4.0","2.0","0.0","3.0","1","1"
"796","discraft","hades","12.0","6.0","-3.0","2.0","0","0"
"797","discmania","Night Strike 2","7.0","5.0","0.0","1.0","0","0"
"798","discmania","Essence","8.0","6.0","-2.0","1.0","0","0"
"799","dynamic discs","Premac Truth","5.0","5.0","0.0","2.0","0","0"
"800","DGA","Steady BL","2.0","3.0","0.0","2.0","0","0"
"801","DGA","Banzai","8.0","4.0","0.0","3.0","0","0"
"802","Latitude 64","Sapphire","10.0","6.0","-2.0","1.5","0","0"
"803","innova","invader","3.0","2.0","0.0","1.0","0","0"
"804","Latitude 64","SPZ3","9.0","6.0","-1.0","2.0","0","0"
"805","Dynamic Discs","Bounty","4.0","5.0","-1.5","0.5","0","0"
"806","innova","invictus","10.0","4.0","0.0","3.0","0","0"
"807","innova","avatar","5.0","4.0","0.0","2.0","0","1"